root_domain,services
1-stophomewatch.com,"['Emergency Calls' 'Electronic Inspection' 'Visual Inspection'
 'Storm Services' 'No Insurance' 'Business License' 'Loss Of Power'
 'Concierge Services' 'Fast Service' 'Garbage Disposal'
 'Service Professionals' 'Medical Imaging Service' 'Family Business'
 'Cleaning Service' 'Cleaning Services' 'Training Course'
 'Delivery Services' 'Remote Monitoring' 'Service Rates' 'Light Handyman']"
1000savings.com,['Freebies']
100mileclub.com,"['Balance Foundation' 'Coaches' 'Coach' 'Event Policy' 'Ways To Give'
 'Increasing Productivity' 'Corporate Wellness' 'Wellness'
 'Community Events' 'Families']"
1826-ao.all.biz,['Motherboards' 'Services Sodata']
18377-in.all.biz,"['Total Quality Management' 'Development And Support' 'Quality Testing'
 'Abuse' 'Hydraulic' 'Product Training']"
1call.ms,"['Car Accident Lawyer' 'Legal Services' 'Client Care' 'Community Service'
 'Car Accidents' 'Dog Bites' 'Premises Liability Claims'
 'Premises Liability' 'Disability Claims' 'Medical Malpractice'
 'Personal Injury Lawyers' 'Legal Advice' 'Social Security Disability'
 'Personal Injury Attorneys' 'Online Forms' 'Slip & Fall' 'Truck Accident'
 'Greenwood' 'Personal Injury Lawyer' 'Accident Lawyer' 'Medical Care'
 'Personal Injury Claim' 'Car Accident' 'Consultation' 'Attorney'
 'Accident Attorney' 'Insurance Companies' 'Property Damage'
 'Permanent Disability' 'Birth Injuries' 'Motorcycle Accident'
 'Sponsorships']"
1stcare.org,"['Skilled Nursing' 'Therapy' 'Skilled Nursing Services'
 'Health Care Service' 'Physical Therapy' 'Health Services']"
1stsecurity.bank,"['Personal Banking' 'Routing' 'Online Banking' 'Mobile Banking'
 'Retail Banking' 'Identity Theft' 'Investment Services' 'Reorder Checks'
 'Financial' 'Video Banking' 'Loans' 'Information Services' 'Debit Cards'
 'Wealth Management' 'Business Loans' 'Insurance' 'Business Banking'
 'Open Account' 'Security' 'Checking' 'Service Hours'
 'Customized Services' 'Tools And Technology' 'Mobile Banking Solutions'
 'Banking Solutions']"
2ampedup.com,['Preferred Vendors']
2brotherspainting.com,"['Interior Painting' 'Commercial Painting' 'Interior Maintenance'
 'Exterior Painting' 'Exterior Maintenance' 'Painting Works'
 'House Painting Contractor' 'Cabinet Painting' 'Build Relationships'
 'Pressure Wash' 'House Painting' 'Time Changes' 'Paint Job'
 'Superior Service' 'Sampling Services' 'Interior Painting Services'
 'Wood Repairs' 'Painting Contractors' 'Interior And Exterior Painting'
 'Sampling']"
2engage.co.uk,['Commissioning' 'Programmes' 'Young Adults' 'Awareness' 'Steering']
2rw.com,"['Elementary School' 'Police Station' 'Sustainable Design'
 'Green Building' 'System Solutions' 'Student Housing']"
2service.nl,['Mobile Repair' 'Repair' 'Tools And Services']
360explorertour.com,['International Clients' 'Personal Growth']
360prconsultants.com,"['Advertising' 'Seo' 'Branding' 'Design & Development' 'Marketing Agency'
 'Social Listening' 'Social Media Management' 'Digital Pr'
 'Corporate Training' 'Marketing' 'Marketing & Advertising'
 'Marketing Communications' 'Content Writing'
 'Marketing Communication Services' 'Seo Services'
 'Solutions For Businesses' 'Digital Marketing Administrator'
 'Marketing And Advertising' 'Personalized Services' 'Strategic Thinking'
 'International Experience' 'Graphics Design' 'Digital Marketing'
 'Budget Management' 'Tailored Service' 'Online Marketing And Seo'
 'Comprehensive Solutions' 'Advanced Solutions' 'Wide Range Of Services'
 'Marketing Communication' 'Brand Strategy']"
365isi.com,"['Machine Moving' 'Turnkey Solutions' 'Stairs' 'Custom Fabrication Shop'
 'Repair' 'Bridges' 'Industrial Solutions' 'Removals' 'Process Piping'
 'On Site Welding' 'Ovens' 'Custom Fabrication' 'Working At Heights'
 'Turnkey Services' 'Tank Inspections' 'Architectural Design']"
3radi.lv,"['Technical Information' 'Custom Designs' 'Internet Service Provider'
 'Technical Drawings' 'Statistics Statistics' 'Marketing Marketing'
 'Thermal Insulation' 'Building Wall' 'Small Constructions' 'Designing'
 'Joint Solutions']"
3streetdance.com,"['Arlington Heights' 'Training Program' 'Conflict Resolution'
 'Coaching Staff' 'Dance Studios' 'Social Media Safety' 'Private Lessons'
 'Live Stream' 'Certification Programs' 'Injury Prevention' 'Dance']"
4degreesbrewing.com,['Promotional Products']
4di.it,['Examinations']
4hmsolutions.com,['Automation Solutions' 'Packaging Solutions' 'Global Packaging Solutions']
4psquare.com,"['Omnichannel' 'Marketing Consultants' 'B2B Marketing Plan'
 'Consulting Firms' 'Qualitative Consulting' 'Privacy & Cookies'
 'Interim Management' 'Marketing And Sales Consulting'
 'Marketing Sales Strategy' 'Freelancers' 'Coonen'
 'Digital Marketing Strategy' 'Strategy Consulting'
 'Marketing & Sales Consulting' 'Marketing And Sales'
 'Marketing Consultancy' 'B2B Lead Generation' 'Employee Experience'
 'Performance Management' 'Consultancy Firms' 'Sales And Marketing'
 'Expert Consultants' 'Quality And Service' 'Influencer Marketing'
 'Consultant' 'Marketing & Sales' 'Custom Made Solutions'
 'Strategy Consultants']"
4theloveofdog.org,"['Administrative Tasks' 'Foster Care' 'Dog Ownership' 'Adoption' 'Sponsor'
 'Dog Training' 'Trainers']"
4uhealth.com,"['Patient Service Center' 'Wellness' 'Lab Tests' 'Lab Testing'
 'Product Reviews']"
58andco.com,['Corporate Events' 'Fashion Shows' 'Private Label']
5thandwimberly.com,"['Accordion' 'Dividers' 'Stay Organized' 'Office Solutions'
 'Video Conference' 'Functionality']"
625hathawayllc.com,"['Social Responsibility' 'Escrow Services' 'Sell Real Estate'
 'International Transactions' 'Banking Solutions' 'Domestic Services'
 'Service Travel']"
73inc.nz,"['Service Category' 'Software Installation' 'Software Troubleshooting'
 'One Stop Shop' 'Windows Repairs' 'App Installation' 'Malware Removal'
 'Ram Upgrades' 'Recovery' 'Apple Repairs' 'Screen Repairs'
 'Battery Replacement' 'Data Recovery' 'Apple Service'
 'Logic Board Repair' 'Apple Repair' 'Buying & Selling Apple'
 'Services And Products' 'Self Service' 'Booking Service'
 'Apple Repair Center' 'It Solution']"
777group.com,"['Demolition Solution' 'Supply' 'Health & Safety' 'Environmental'
 'Demolition' 'Demolition & Haulage' 'Accreditations' 'Recycling'
 'Asbestos Removal' 'Waste Management' 'Complete Service']"
7eavencandy.be,['Halal']
7sports.in,"['Foam' 'Knee Support' 'Ankle Support' 'Gym' 'International Shipping'
 'Elbow Supports' 'Shoulder' 'Finger Support' 'Trending' 'Stockings'
 'Ecommerce Website' 'E Commerce Platform' 'Ecommerce']"
83mec.com,"['Mechanical Manufacturing Services' 'Technology Consulting'
 'Mechanical Manufacturing' 'Mechanics' 'Restoration Process'
 'Metal Stamping' 'Fire Protection' 'Precision Mechanical Processing'
 'International Standards' 'Tv Wall Mount' 'Representative Office'
 'Creativity' 'Sustainable Development' 'Responsibility' 'Social Impact']"
9011.eu,['Central Back' 'Wiewióra' 'Wojatschke']
9jardi.com,['Privacy & Cookies' 'Serveis']
a1-clutches.co.uk,"['Car Servicing' 'Star Service' 'Exhausts' 'Replacement And Installation'
 'Cooling Systems' 'Delivery Service' 'Book A Service' 'Mots'
 'Clutch Repair And Replacements' 'Vehicle Repair' 'Repairs & Replacement'
 'Cambelts' 'And Installations' 'Cars' 'General Repairs' 'Diagnostics'
 'Recovery' 'Clutches' 'Clutch Repair' 'Accreditations' 'Repair Services'
 'Insurance Certificate']"
a1balustrades.com.au,['Supply And Install' 'Handrails' 'Fencing' 'Security' 'Sliding Gates']
a1garagedoors.com,"['Design Tools' 'Garage Doors' 'Quality And Service' 'Residential Doors'
 'Local Service Companies']"
a1ib.com,"['Fire Detection' 'Engine' 'Fire Dectetion' 'Fire Extinguishers' 'Ducting'
 'Dividers' 'Fire Protection' 'Scaling' 'Cargo' 'Gas Detection']"
a1towingservices.com,"['Towing Service' 'Towing Services' 'Quick Service' 'Car Accidents'
 '24 Hour Towing' 'Fuel' 'Iqbal' 'Motorcycle Towing' 'Farm Equipment'
 'Heavy Equipment' 'Flatbed Towing' 'Flat Tire Service' 'Cars'
 'Drunk Driving' 'Towing' 'Fast Service' 'Deck Transport' 'Unlocking'
 'Roadside Assistance' 'Jump Start' 'Transportation Services']"
a2msafety.co.uk,"['Design And Maintenance' 'Walkways' 'Installation And Maintenance'
 'Anchors' 'Rope Access' 'Gutter Cleaning' 'Fall Protection Services']"
aaa-nc.org,['Covid 19 Vaccine']
aaabuildingcomponents.com,"['Consultation & Estimates' 'Delivery & Installation' 'Overhead'
 'Skylights' 'Construction Materials']"
aaaheatingandcoolinginc.com,"['Ventilation' 'Furnace' 'Furnace Installation' 'Thermostats'
 'Air Conditioners' 'Air Conditioning Repair' 'Heaters'
 'Residential Services' 'Gas Furnaces' 'Service Or Repair' 'a/C Service'
 'Heating & Cooling' 'Pay My Bill' 'Furnace Repair & Installation'
 'Air Conditioner Systems' 'Service, Repair & Installation' 'Filtration'
 'Humidity Control' 'Hvac System' 'Commercial Heating And'
 'Air Conditioning Service And Installation' 'Heat Pump'
 'Heating And Cooling' 'Heating And Air' 'Furnace Repair'
 'Hvac Service Needs' 'Duct Cleaning' 'Family Owned Business'
 'Furnace Service' 'Heating Services' 'Sales & Installation'
 'Air Conditioning' 'Trained Technicians' 'Air Handlers' 'Air Filtration'
 'Commercial Services']"
aaascaf.com,"['Industrial Painting' 'Scaffolding' 'Repairing' 'Oil And Gas' 'Offshore'
 'Health & Safety' 'Power Generation' 'Service Quality'
 'Project Construction And Maintenance' 'Complete Solutions'
 'Scaffolding Solutions' 'Access Solutions' 'Lighting Towers'
 'Product Innovation']"
aaatowing.ca,"['Towing Service' 'Transport Services' 'Towing Services' 'Hauling' 'Fuel'
 'Dump Truck' 'Heavy Equipment' 'Transportation Services' 'Clean Up'
 'Insurance Companies' 'Delivery Services' 'Specialized Services' 'Towing'
 'Roadside Assistance' 'Amazing Service' 'Liability Insurance'
 'Service Coverage' 'Roadside Assistance Solutions'
 'Vehicle Recovery Solutions' ""Worker's Compensation""]"
aafud.com.ng,"['Technical Sales Service' 'Product Analysis' 'Food Processing'
 'Innovation And Development' 'Product Liability Insurance'
 'Application Workshop']"
aagloverfh.com,"['Obituaries' 'Merchandise' 'Grief' 'Veterans' 'Personalized Services'
 'Monuments' 'Funeral Services' 'Social Security Benefits' 'Flowers'
 'Cremation' 'Memorials' 'Public Service' 'Memorial Service' 'Funerals'
 'Private Service' 'Funeral Service' 'Traditional Service']"
aaliyahsbeautybrows.com,"['Booking' 'Microblading' 'Waxing' 'Makeup Service' 'Hair Removal'
 'Beauty Services']"
aaln.org.au,"['Education Programs' 'Objectives' 'Networking Events'
 'Professional Development' 'Skills Development' 'Legal Research'
 'Student Programs' 'Legal Issues' 'First Nations' 'Sponsorships'
 'Professional Network']"
aals.asn.au,"['Committees' 'Training Sessions' 'Health & Safety'
 'Model Engineering And Construction' 'Annual General Meeting'
 'Annual General Mee' 'Model Engineer' 'Engineering And Engineering'
 'Model Engineering' 'Steam Operations']"
aaroneversmeyerloans.com,['Loan' 'Refinance Analysis' 'Refinance' 'Jumbo Loans' 'Loans']
aasap.co.in,['Medical Facilities' 'Product Help' 'Quick Service']
aaun.us,"['Ielts' 'Educational Programs' 'Distance Learning'
 'Business Administration' 'Professional Development' 'Graduation'
 'Admission' 'Marketing' 'Academics' 'Job Searches' 'Scholarships'
 'Entrepreneurship' 'Finance' 'Young Professionals' 'Certificate Programs'
 'Language Assistance' 'Quality Programs' 'Subject Matter Experts'
 'Marketing Teams' 'Creative Thinking']"
abadis-med.com,"['Sales Support' 'Medical Equipment' 'Oral Hygiene' 'Industrial Design'
 'Management System' 'Connections' 'Installation Manual'
 'Research And Development' 'Organizational Structure' 'Infection Control'
 'Ce Certification' 'Fluid Management' 'Waste Management']"
abairlavery.com,"['On Site Inspection' 'Pest Management Service' 'Pest Management Services'
 'Wildlife' 'Scheduled Services' 'Pest Management']"
abbeyspecialty.com,['Product Customization']
abbeywoodfurniture.com,"['Internet Service Provider' 'Other Rooms' 'Statistics Statistics'
 'Marketing Marketing' 'Initial Showroom Consultation' 'Living Rooms'
 'Hand Painted' 'Fitted Kitchens']"
abbottlocksmiths.com.au,"['Alarm Systems' 'Locksmith Solution' 'Emergency Locksmith Services'
 'Supply & Installation' 'Locksmith' 'Cctv' 'Locksmiths'
 'Emergency Locksmith Service' 'Safes' 'Supply And Installation'
 'Emergency Locksmith' 'Security Systems' 'Key Services'
 'Commercial Locksmith Services' '24/7 Emergency Service' 'Security']"
abbtech.az,"['Data Analytics' 'Mobile Development' 'Frontend' 'Machine Learning'
 'Digital Marketing' 'Interaction Design' 'Mentoring Support'
 'Registration Process' 'Software Engineering' 'Qa Automation' 'Backend'
 'Recruitment Process']"
abcasphaltco.com,"['Asphalt Repair' 'Parking Lot Paving' 'Asphalt Paving'
 'Asphalt Construction' 'Parking Lot Striping' 'Parking Lot Maintenance'
 'Concrete Flatwork' 'Government Buildings' 'Paving And Maintenance'
 'Concrete Work' 'Parking Lot Repair' 'Asphalt Paving Contractors'
 'Asphalt Paving Contractor' 'Crack Filling' 'Municipal Services'
 'Sealcoating' 'Paving' 'Crack Filling Services' 'Asphalt Maintenance'
 'Licensed Contractor' 'Asphalt And Concrete' 'Paving Lot Paving'
 'Striping']"
abcauto.com,"['Engine' 'Chevron_right' 'Personalized Services' 'Expand_more'
 'Visibility' 'Shop Online' 'Replacement Parts' 'Belts And Hoses'
 'Brake Rotors']"
abcmetalroofs.com,"['Seamless Gutters' 'Shingle Roofing' 'Gutter Installation'
 'Custom Metal Roofing' 'Commercial Contractor' 'Roofing'
 'Roofing Contractors' 'Self Installation' 'Asphalt Shingles' 'Leaf Guard']"
abcpaintball.com,"['Reservations' 'Rental Equipment' 'Admission' 'Smart Parts' 'Insurance'
 'Personal Safety']"
abcsalonandbeauty.com,"['Young Adults' 'Hairdressing Services' 'Hair Styling Service' 'Makeup'
 'Hair Care Services' 'Payments Accepted' 'Haircut' 'Eyeliner'
 'Hair Coloring' 'Eyelash Extension' 'Hair Styling' 'Styling Solutions'
 'Extension Maintenance' 'Hair Care']"
abersochboatyard.co.uk,['Shirts' 'Shoe Care']
abiandjoseph.com.au,['Competition' 'Knee' 'Tanks' 'Trending' 'Tights']
abibayio.gr,['Roasted Pine' 'Salads' 'Wine']
abilitychoice.org,['Residential Services' 'Supported Living' 'Community Partners']
abl.com.au,"['Capital Markets' 'Restructuring & Insolvency' 'Insolvency' 'Taxation'
 'Banking & Finance' 'Property & Development' 'Real Estate Finance'
 'Corporate Real Estate' 'White Collar Crime' 'Development Matters'
 'Competition' 'Venture Capital' 'Corporate And M&a'
 'Dispute Resolution & Litigation' 'Private Equity' 'Legal Advice'
 'Legal Support' 'Special Counsel' 'Advisory' 'Legal Services'
 'Constitutional Recognition' 'Independent Legal' 'Strategic Guidance']"
ablecommunitycare.com,"['Long Term Care' 'Domestic Care' 'Short Term Care' 'Complex Care'
 'Live In Care' 'Wales' 'Care Services' 'Call Service' 'Community Care'
 'Residential Care' 'Providing Care' 'Holiday Care' 'Extra Care' 'Live In'
 'Dementia' 'Hospital Care' 'Convalescent Care' 'Respite Care'
 'Learning Disabilities' 'Initial Assessment']"
abloodygreatcause.com.au,"['Blood Cancer' 'Clinical Research' 'Patients' 'Research'
 'Funerals/Memorials' 'Make A Donation' 'Night Out' 'Covid 19 Vaccine'
 'Fundraising']"
abogadostorrente.es,['Especialidades' 'Mediación' 'Penal' 'Valencia' 'Atención Al Cliente']
aboitiz.com,"['Conflict Of Interest' 'Media Center' 'Whistleblowing Hotline' 'Analyst'
 'Enterprise Risk Management' 'Media Relations' 'Creditors Rights'
 'Organizational Structure' 'Senior Management' 'Investment']"
abrvending.com,"['Modern Workplace' 'Website Design' 'Refreshment Services'
 'Vending Machines' 'Call Centers' 'Vending' 'Refreshment Solutions'
 'Vending Services' 'Water Services']"
absolutecoatings.com,"['Service And Innovation' 'Natural Wood Floors' 'Data Sheets'
 'Polyurethane' 'Water Cleanup' 'Precision' 'Hardwood Floors'
 'Product Catalog' 'Dittmer' 'Trade Sales' 'Floors' 'Floor Coating'
 'Alfieri']"
absolutedp.com,"['Drain Service Needs' 'Backflow Prevention' 'Scarborough' 'Markham'
 'Woodbridge' 'Basement Flooding' 'Cross Connection'
 'Weeping Tile Installation' 'Boiler Installation And Repair' 'Repair'
 'Drain Services' 'Plumbing Service' 'Drainage' 'Drain Cleaning'
 'Water Damage Restoration' 'Backwater Valves' 'Leak Detection'
 'Commercial Plumbing' 'Water Service Upgrade' 'Sump Pumps'
 'Sewer Repair And Rehabilitation' 'Backwater Valve' 'Drain Service'
 '24/7 Emergency Service' 'Lead Pipes Replacement' 'Drain Inspection'
 'Plumbing' 'Pipe Bursting' 'Commercial Properties'
 'Trenchless Pipe Lining' 'Common Services' 'Commercial Plumbing Service'
 'Drain Repair' 'Emergency Service' 'Emergency Plumbers' 'Heaters'
 'Pipe Lining' 'Pipe Replacement' 'Clogged Drain' 'Water Supply System'
 'Plumbing Contractors' 'Water Hook Up' 'Basement Drains Plumbing'
 'Building Permits' 'Burst Pipe' 'Plumbing Repairs' 'Kitchen Plumbing'
 'Sewer And Drain Repair' 'Emergency Plumbing Service'
 'Residential Plumbing Service' 'Pump Installation' 'Clogged Drains'
 'Emergency Plumber' 'Plumbing Installation' 'Basement Waterproofing'
 'Filtration' 'Main Drain' 'Plumbing Inspection' 'Sewer Services'
 'Frozen Pipes' 'Water Service Connection' 'Hot Water Heaters'
 'Drain Pipe' 'Plumbing Repair' 'Commercial Services' 'Plumbing Work'
 'Plumbing Rough' 'Emergency Plumbing' 'Bathroom Plumbing' 'Dishwashers'
 'Camera Inspection' 'Backwater Valve Installation' 'Showers' 'Faucets'
 'Water Service' 'Kitchen Remodel' 'Plumbing Systems'
 'Botched Appliance Install' 'Plumbing Services' 'Faucet Installation'
 'Drain Camera Inspection' 'Pipe Repair' 'Residential Plumbing'
 'Trenchless Pipe Replacement' 'Small Jobs' 'Drain Replacement'
 'Backflow Device Testing' 'Drain Snake' 'Drain Plumbing' 'Washing'
 'Phone Consultation' 'Plumbing Repairs And Maintenance'
 'Bathroom Plumber' 'Sinks']"
absolutedrinks.net,"['Drinks' 'Installations' 'Vending Machines' 'Family Owned Business'
 'Marketing Communications' 'Service & Support' 'Service And Support'
 'Health And Wellbeing' 'Needs Analysis']"
absolutemotors.eu,"['Window Tinting' 'Paint Protection' 'Exhaust' 'Exhaust Systems'
 'Damage Repair' 'Performance Tuning']"
abtechsolucoes.com.br,['Soluções']
abundance4eternity.com,"['Abundance' 'Executive Coaching' 'Relationship Coaching'
 'Coaching Approach' 'Workshops & Seminars' 'Coaching Techniques'
 'Job Offers' 'Coaching' 'Couples' 'Coaching Sessions' 'Retreats'
 'One On One Coaching' 'Group Sessions']"
academiacharterschool.org,"['Distance Learning' 'Cultural Diversity' 'Financial' 'Parent Portal'
 'Student Counseling' 'Mindfulness' 'Restorative Justice' 'Project Based'
 'Volunteer Opportunities' 'School Districts' 'Mission And Vision'
 'Policies & Procedures' 'Kagan Structures']"
academiedelenfance.com,"['Early Intervention Services' 'Child Development' 'Early Intervention'
 'Learning & Development' 'Founders' 'Play Areas' 'Special Care']"
academiegrandechaumiere.com,['Conférences']
academycleaning.co.uk,"['Child Setting Cleaning' 'Warehouse Cleaning' 'Commercial Cleaning'
 'School Cleaning' 'Surrey' 'Commercial Clean' 'Industrial Cleaning'
 'Tailored Service' 'End Of Tenancy' 'Job Vacancies' 'Deep Cleans'
 'Accreditations' 'Office Cleaning' 'Deep Cleaning Services'
 'Builders Cleaning' 'Academy Cleaning' 'Commercial Cleaning Solutions'
 'Educational Cleaning' 'Moving Out' 'Commercial Kitchens' 'Deep Cleaning']"
acastahealth.com,['Assurance' 'Milestones' 'Skin Cancer']
acceleratingclinical.com,['Clinical Data Management' 'Clinical' 'Clinical Research']
accelmaterials.com,"['Chemistry' 'Sealing' 'Plastics' 'Sometimes Solutions'
 'Specific Solutions' 'Electrical Insulation']"
accentonwine.co.nz,"['Canterbury' 'Wine' 'Personalised Service' 'Valencia' 'Organic'
 'Sancerre' 'Americas']"
accentus.com,"['Tv Networks' 'Productions' 'Audio And Video' 'Post Production'
 'Documentary' 'Recording Studio' 'First Oratorio']"
accessrigging.com,['Rigging Services' 'Shoring Services']
accional.pt,['Marketing Digital' 'Profissionalismo']
accoladesus.com,['Engraving' 'Drive Results' 'Engraving Services']
accor.com,"['Job Offers' 'Committees' 'Accelerators' 'Regions' 'Cultural Diversity'
 'Loyalty Program' 'Debt Financing' 'Corporate Website' 'Financial'
 'Analysts' 'Design & Construction' 'Personalized Services' 'Press Room'
 'Booking' 'Hotel Development' 'Targeting' 'Tailor Made Services'
 'Marketing' 'Value Added Services' 'Site Work' 'Suite Of Services'
 'Society' 'Editorial' 'Ethics & Compliance' 'Learning & Development'
 'Annual General Meeting' 'Hotels' 'Insurance' 'Distribution'
 'Expert Solutions' 'Procurement' 'Finance' 'Verychic' 'Business Services'
 'Milestones']"
accordplumbing.com.au,"['Commercial Plumbing & Gas' 'Leaking Taps' '24 Hours Emergency Services'
 'Plumbing And Gas' 'Commercial Plumbing' 'Emergency Plumbing'
 'Maintenance And Renovation' 'Plumbing & Gas' 'Blocked Drains' 'Plumbing'
 'Plumbing & Maintenance' 'Bathroom Renovations & Alterations'
 'Construction & Maintenance' 'Industrial Plumbing & Maintenance'
 'Residential Plumbing & Maintenance' 'Building Construction'
 'Storm Water' 'Hospital Plumbing' 'Plumbing Services'
 'Commercial Maintenance' 'Commercial Plumbing Solutions']"
accounsel.net,['Bookkeeping' 'Client Accounting Services' 'Payroll Taxes']
accountancyservices.com.au,"['Sole Trader' 'Financial Wellbeing' 'Aged Care' 'Accountancy Services'
 'Renewals' 'Financial Planning And' 'Retirement Living'
 'Financial Planning Advice' 'Corporate Accounting' 'Integrated Service'
 'Accounting And Tax' 'Accounting' 'Finance'
 'Personal And Business Accounting' 'Accountancy']"
accountax.com.gt,"['Assurance' 'Business And Compliance' 'Financial Matters' 'Y Servicios'
 'Empresarial' 'Equipo' 'Business Accounting' 'Tax Training'
 'Risk And Compliance' 'Audit Of Financial Statements' 'Tax Strategy'
 'Corporate Tax Consulting' 'Advice And Training' 'Legal Issues'
 'Real Estate Tax Planning' 'Transformación Digital' 'Testimonios'
 'Process Outsourcing' 'Beneficios' 'Consultoría Fiscal' 'Nuestra Empresa'
 'Restaurantes' 'Equipo Financiero' 'It Infrastructure' 'Penal'
 'Inmobiliario' 'Para Facilitar' 'Finanzas' 'Comercio Exterior'
 'Facturación Electrónica' 'Consulting Agency']"
accountix.com.au,"['Electrical Air Conditioning' 'Plumbing And Gas' 'Plumbing And'
 'Air Conditioning' 'Building And Construction' 'Payroll Services'
 'Transaction' 'Recording' 'Software Solutions' 'Bookkeeping Services'
 'Performance Monitoring' 'Bookkeeping' 'Bank Reconciliations']"
aceroshk.com,['Experiencia' 'Valores']
acewashingtondc.org,"['Design Project' 'Landscape Architects' 'High School Students'
 'Designers' 'Project Managers' 'Design And Construction' 'Sites'
 'Architects' 'Design Ideas' 'Competition' 'Mentoring Program'
 'Project Based' 'Environmental Engineers' 'Scholarships' 'Engineers'
 'Sponsor']"
acfkansascitychefs.org,"['Competitions' 'Chef' 'Products And Solutions' 'Repair Services'
 'Kitchen Supplies' 'Professional Cleaning' 'Nursing Homes'
 'Food Service Tools' 'Tasteful' 'Cleaning Supplies' 'Gas Service'
 'Educational Facilities']"
achievewellness.clinic,"['Family Wellness Care' 'Individuals & Families' 'Health And Wellness'
 'Chiropractic' 'Front End' 'Corporate Programs' 'Adjustments'
 'Health & Wellness' 'Wellness' 'Diagnostics' 'Holistic Care' 'Healing'
 'Health And Wellness Services' 'Digital X Ray' 'Regular Maintenance'
 'Educational Programs' 'Thermography' 'Educational Videos'
 'Education And Consulting' 'Supplements' 'Chiropractic Adjustments'
 'Spinal Care']"
aciireland.com,"['Advertisement' 'Technical Advice' 'Marketing Campaigns'
 'Market Development' 'Arbitration Service' 'Calendar Of Events'
 'Financial Markets' 'Registration Process']"
acme-aero.com,"['Power Supplies' 'Disability' 'Quotation' 'Supply' 'Military Fixed'
 'Energy Storage' 'Cooling Solution' 'Complete Service' 'Military'
 'Inverter' 'Power Systems' 'Recent Developments' 'Engineering Design'
 'Power Factor Correction' 'Sales And Marketing' 'Executive Leadership'
 'Industrial Manufacturing' 'Electrical System' 'Leadership Roles'
 'Computer Engineering' 'Charger System' 'Contract Negotiation'
 'Power Processing' 'Communication Systems' 'Technology Management'
 'Marketing And Sales' 'Legacy' 'Destination']"
acmebrassplating.com,"['Door Restoration' 'Religious' 'Coating' 'Lighting Restoration'
 'Exterior Wall' 'Copper Finishes' 'Hardware Restoration' 'Finishes']"
acmemasking.com,"['Plasma Spray' 'Materials Handling'
 'Design Engineering And Manufacturing' 'Sales And Engineering'
 'Material Handling Solutions' 'Surface Treatments' 'On Site Consultation'
 'Technical Process' 'Tooling' 'Engineering And Manufacturing'
 'Custom Tooling' 'Surface Treatment']"
acopaoutdoors.com,"['Factory Service' 'Product Design' 'Shirts' 'Outdoors' 'Design Studio'
 'Aztec']"
acornfence.com,"['Repair' 'Fence Construction' 'Fences' 'Railing Installation' 'Fencing'
 'Recycling']"
acostaframing.com,['Custom Framing' 'Frames' 'Framing' 'Local Frame']
acpwales.co.uk,"['Building Materials' 'Industrial Contracts' 'Landscaping'
 'Local Authority' 'Casting' 'Design Ideas' 'Finishing Touches']"
acquirepower.com.au,"['Pressure Care' 'Occupational Therapists' 'Modification Services'
 'Occupational Therapy' 'Regions' 'Therapy Services'
 'Pressure Care Management' 'Disability Insurance' 'Referral Form']"
acres.org.sg,"['Objectives' 'Wildlife' 'Volunteering' 'Focus Areas' 'Finances'
 'Media Centre' 'Community Outreach']"
acrsupply.com,"['Hvac & Refrigeration' 'Ice Machines' 'Ventilation' 'Thermostats'
 'Leak Repair' 'Heaters' 'Wholesale Distribution' 'Build Relationships'
 'Hydronics Parts' 'Gas Controls' 'Hvac And Refrigeration' 'Fuel'
 'Glasses' 'Supply' 'Filtration' 'Service Parts' 'Milwaukee' 'Oem'
 'Expansion' 'Heat Pump' 'Transformers' 'Dehumidification' 'Oem Parts'
 'Air Dryers' 'Refrigeration' 'Attic Fan' 'Service Repair Parts'
 'Electrostatic' 'Replacement Parts' 'Piping' 'Recovery' 'Air Filtration'
 'Expansion Tanks' 'Mounting' 'Surge Protectors' 'Training Opportunities'
 'Trade Shows' 'Credit Application' 'Central Services' 'Line Card']"
acrylicmethat.com,"['Acrylic Sheets' 'Plastic Sheets' 'Laser Cutting' 'Fullerton'
 'Hair Coloring']"
acthub.studio,"['Facial' 'Online Classes' 'Comedy' 'Cancellation Policy' 'Press & Media'
 'Voice Emotions' 'Rate This' 'Eyes' 'Teachers' 'Help & Support'
 'Casting Directors' 'Acthub' 'Media & Entertainment']"
actingwithemily.com,"['Boot Camp' 'Private Coaching' 'Talent Development'
 'Professional Training']"
actionalkalinewater.com,[]
actiontowingandautorepair.com,"['Mount Vernon' 'Website Accessibility' 'Auto Repairs' 'Auto Repair'
 'Rental' 'Towing Services' 'Repair' 'Snow' 'Service Excluding' 'Towing'
 'Roadside Assistance']"
activavida.net,['Diseño Gráfico' 'Eventos' 'Recursos' 'Tecnología' 'Vida']
active-power-corporation.business.site,['Abuse' 'Power Solutions']
activistmanager.com,['Compliance Services']
actowingcharlotte.com,"['Towing Service' 'Towing Solutions' 'Towing Services' 'Business Hours'
 'Reliable Services' '24 Hours Of Service' 'Towing' 'Roadside Assistance']"
actropical.com,"['Central Air' 'Residential Air Conditioning' 'Installation / Replacement'
 'Air Purification Systems' 'Air Handler' 'Air Conditioning Services'
 'Preventive Maintenance Plan' 'Repair And Maintenance'
 'Lifetime Warranty' 'Air Conditioning And Heating' 'Replacement Parts'
 'Air Conditioning System' 'Trained Technicians' 'Commercial Ducts'
 'Air Purification' 'Air Conditioning Systems' 'Repairs And Maintenance'
 'Repairs']"
adaalya.com,['Three Phase']
adaltd.com,"['Body Care' 'Online Scheduling' 'Cosmetic Care' 'Medical Dermatology'
 'Customized Care' 'Cosmetic Dermatology' 'Medical Practice']"
adambarnes.biz,"['Risk Analysis' 'Advertisement' 'Brand Transformation'
 'Photography And Design' 'Marketing Campaigns']"
adamsontrustee.com,"['Personal Finance' 'Corporate Insolvency' 'Insolvency Administration'
 'Insolvency' 'Debt Consolidation' 'Bankruptcy Trustee'
 'Consumer Proposal' 'Debt Services' 'Angel Kaplanis'
 'Management Accounting' 'Business Bankruptcy' 'Debt Help' 'Chatham'
 'Payday Loans' 'Financial Assistance' 'Debt Relief Options'
 'Insolvency And Restructuring' 'Avoiding Bankruptcy'
 'Insolvency Services' 'Tax Evasion' 'Debt Consolidation Services'
 'Money Management' 'Bankruptcy' 'Waterloo' 'Credit Counselling'
 'Consumer Proposals' 'Personal Consultations' 'Credit Card Debt'
 'Bankruptcy Services' 'Free, No Obligation Consultation' 'Debt Relief'
 'Personal Bankruptcy' 'Wage Garnishments']"
adanisolar.com,"['Global Presence' 'Media Coverage' 'Solar Panel' 'Solar Energy'
 'Value Creation' 'Solar' 'Media Releases' 'Media Library' 'Electricity'
 'Carbon Footprint' 'Solar Panels' 'Products & Solutions' 'Defence'
 'Green Energy' 'Realty' 'Energy Security' 'Power Generation' 'Housing'
 'Virtual Tour' 'Hyundai']"
adaptive-shield.com,"['Saas' 'Security Management' 'Marketing' 'Risk Management'
 'Venture Capital' 'Saas Applications' 'Ventures' 'Access Management'
 'Awards And Recognition' 'Business Operations' 'Management Solution'
 'Security Checks' 'Saas Security']"
adaptivespecialties.com,"['Nutrition' 'Ramps' 'Medical Equipment' 'Adaptive' 'Wound Care'
 'Incontinence' 'International Shipping' 'Assistive Technology'
 'Recreation' 'Consultation' 'White Glove' 'Bathroom Aids' 'Service Fee'
 'Dementia' 'Grab Bars' 'Lifts' 'Product Solutions'
 'Personalized Solutions' 'Therapy' 'Bathroom Safety' 'Care Solutions'
 'Pediatric' 'Body Braces']"
addisonfencing.co.uk,"['Timber Fencing' 'Hoarding' 'Site Security' 'Local Authorities'
 'Supply And Install' 'Perimeter Fencing' 'Fencing' 'Featured Services']"
adentragroup.com,"['Service Centers' 'Financials' 'Investor Overview' 'Supply Solutions'
 'Architects / Designers' 'Stock Information' 'Financial' 'Imports'
 'The Building Envelope' 'Analyst Coverage' 'Global Sourcing'
 'Grand Prairie' 'E Commerce Website' 'Building Materials' 'Distribution'
 'Architectural Design']"
adfincas-ar.es,"['Administración' 'Servicios Ofrecidos' 'Página Web' 'De Servicios'
 'Equipo']"
adforestry.co.uk,"['Advertisement' 'Trees' 'Forestry' 'Timber Sales' 'Timber'
 'Forestry Services' 'Digital Media' 'Marketing Campaigns'
 'Marketing Services']"
adgarchitects.co.uk,"['Principal Designer' 'Accommodation' 'Care Homes' 'Modelling'
 'Agricultural' 'Interior Design']"
adhiambokechadv.co.ke,"['Ip Registration' 'Probate Administration' 'Insurance Law'
 'Investigation' 'Legal Services' 'Bespoke Solutions' 'Sports Law'
 'Franchising' 'Client Care' 'Immigration Law' 'Construction Conveyancing'
 'Family Law' 'Integrity' 'Resolution Of Disputes' 'Real Estate Law'
 'Legal Audit' 'Dispute Resolution' 'Research And Development'
 'Contract Law' 'Registration Services' 'Consultancy' 'Labour Laws'
 'Legal Solution' 'Corporate And Commercial' 'Bespoke Services'
 'Banking And Finance' 'Risk Assessment' 'Smart Solutions'
 'Legal Representation' 'Consultancy Department' 'Guiding Principles'
 'Legal Advice']"
admetro.com,"['Mobile Computing' 'Control Panels' 'Military' 'Kiosks' 'Prototyping'
 'Lcd Stack' 'Test And Measurement' 'Design And Engineering'
 'Analysis And Design' 'Human Trafficking' 'Conceptual Design'
 'Material Sourcing' 'Manufacturing & Testing']"
admreparaciones.com,['Hogar']
adogsdream.com,"['Daycare' 'Pet Houston' 'Pet Boarding' 'Dog Grooming' 'Pet Grooming'
 'Styling' 'Grooming' 'Extra Services' 'Pet Nutrition' 'Animal Care'
 'Health And Wellbeing']"
adomex.nl,"['Advertisement' 'Marketing Campaigns' 'Risk Analysis' 'Product Group'
 'Import And Export' 'Online Ordering']"
adrac.co.uk,"['Optimisation' 'Design & Development' 'Digital Marketing'
 'Search Engine Optimisation' 'Optional Services' 'Service Models'
 'Seo Marketing' 'Responsive Website Design' 'Ad Management'
 'Delivering Results' 'Digital Marketing Services' 'Bespoke Development'
 'Social Media Marketing']"
advamed.in,"['Yoga & Meditation' 'Compassionate Care' 'Mommy Makeover' 'Therapy'
 'General Surgery' 'Pregnancy' 'Find A Doctor' 'Gynaecology' 'Laboratory'
 'Planning For Pregnancy' 'Special Programs' 'Internal Medicine'
 'Children Care' 'Anaesthesia' 'Global Health And Development'
 'Care Services' 'Laparoscopy' 'Laboratory Services' 'Musculoskeletal'
 'Cardiology' 'Medical Education' 'Admission' 'Consultation'
 'Child Care Facilities' 'Pregnancy Care' 'Fertility'
 'Cosmetic Gynaecology' 'Pharmacy' 'Surgery' 'Ambulance' 'Pediatric'
 'Health Check' 'Ultrasound' 'Pediatric Training' 'Newborn']"
advance-catering.co.uk,"['Service Work' 'Installation Services' 'Scheduled Maintenance'
 'Supply And Installation' 'Care Homes' 'Preventative Maintenance'
 'Supply And Installation Services' 'Bespoke Design' 'Management System'
 'Installation And Maintenance' 'Website Design' 'Kitchen Maintenance'
 'Bakkavor' 'Kitchen Servicing' 'Kitchen Design Process'
 'Service Managers' 'Kitchen Design And' 'Maintenance Packages'
 'Restaurants & Bars' 'Digital Marketing'
 'Kitchen Servicing & Maintenance' 'Kitchen Solutions' 'Meetings & Events'
 'One Stop Shop' 'Kitchen Design' 'Call Centre'
 'Ongoing Maintenance And Support' 'Refurbished' 'Thousands'
 'Servicing And Maintenance Support' 'Commercial Kitchens' 'Catering'
 'Conference Facilities' 'Kitchen Installation' 'Kitchen Designers'
 'Installation & Maintenance' 'Kitchen Installations'
 'Service & Maintenance' 'Educational Facilities' 'Servicing And'
 'Project Managers' 'Servicing And Maintenance' 'Catering Installation'
 'Ventilation Systems' 'Kitchen Servicing And Maintenance'
 'Fitting Services' 'Fitting & Maintenance' 'Commercial Applications'
 'Quality Installation' 'Kitchen Equipment' 'Asset Management'
 'Equipment Supply' 'Consultation' 'Regular Service'
 'Maintenance Programme' 'Supply And Install' 'Bespoke Software']"
advance3d.co.za,"['Architecture' 'Data Migration' 'Scan To Bim' 'Maintenance Planning'
 'Data Capture' 'Utility Mapping' 'Infrastructure Management' 'Creativity'
 'Laser Scanning' 'Mapping' 'Remote Sensing' 'Rate Which'
 'High Resolution' 'Ai And Machine Learning' 'Aerial Mapping' 'Data Clean'
 'Geospatial Management' 'Responsibility' 'Digital Project Management'
 'Data Spatial Analysis' 'Digital Twin Solutions' 'Cad Services'
 'Surveying' 'Survey Services' 'Navvis Mapping' 'Mobile Mapping'
 'Core Services' 'Consulting Engineering' 'Facilities Management'
 'Architects' 'Oil And Gas' 'Assessments' 'Civil Consulting' 'Engineers']"
advanced-ndt.co.uk,"['Destructive Testing' 'Ndt Solution' 'Imaging' 'Ndt Solutions'
 'Food Manufacturing' 'Hotel Inspections' 'Automated Testing'
 'Ultrasonic Couplant' 'Uspc' 'Protective Coatings' 'Leak Detection'
 'Rope Access' 'Forensic Lighting' 'Ultrasonic Testing' 'Power Generation'
 'Cleaning Processes']"
advancedipm.com,"['Pest Control' 'Facility Services' 'Buildings' 'Rodent Inspections'
 'Sales Department' 'Integrated Approach' 'Second Generation'
 'Healthcare Facilities' 'Rancho Cordova' 'Hospitality' 'Bee Removal'
 'Pest Management' 'Continual Education' 'Latest Developments'
 'Retail Stores' 'Acquisitions' 'Regular Service'
 'Commercial & Residential' 'Wildlife Management' 'Maintenance Crew'
 'Service History' 'Commercial Services' 'Commodity' 'Termite Inspections'
 'Organic' 'Pest Control Solutions' 'Pest Control Services'
 'Trained Technicians' 'Relocation' 'Warehouse & Distribution'
 'Regular Maintenance Program' 'Roseville' 'Extermination Services']"
advancedlearningddb.net,"['Conflict Resolution' 'Public Administration' 'Social Skills'
 'Weight Loss' 'Family Therapy' 'Marital Counseling' 'Skills Training'
 'Hypnotherapy' 'Corporate Conflict Resolution' 'Areas Of Specialty'
 'Federally Approved Contractor' 'Behavioral Health' 'Telehealth Therapy'
 'Couples Therapy' 'Bereavement Counseling' 'Group Therapy' 'Aba Services'
 'Trainer' 'Health Care' 'Social Work' 'Family Care' 'Ptsd' 'Therapy'
 'Mental Health Solutions' 'Professional Development'
 'Learning Disabilities' 'Neurofeedback' 'Sexual Therapy' 'Lcsw Services'
 'Behavior Analysis']"
advancedtelemedicinegroupllc.com,"['Skilled Nursing' 'Engine' 'Artificial Intelligence Ai'
 'Treatment Services' 'Natural Language Processing Nlp' 'Telemedicine'
 'Live Streaming' 'Speech Recognition']"
advancedvllc.com,"['Homeland Security' 'Enterprise Technology Systems'
 'Administrative Management' 'Security Management' 'Consultation Services'
 'Administrative' 'Contract Vehicles' 'Media Coverage'
 'Operational Efficiency' 'Enterprise Services' 'Resource Management'
 'Psychology' 'Defense' 'Contracting' 'Adv Services' 'Integrity'
 'Critical Solutions']"
advangent.com,['Blockchain Technology' 'Market Entry' 'Virtual Reality']
advantage-aviation.com,"['Rental' 'Professional Maintenance' 'Flight Training' 'Flight'
 'Maintenance Department' 'Art Training']"
adventurepowerproducts.com,"['Ongoing Maintenance' 'Boat Service' 'Oem' 'Shop Online'
 'Service Department' 'Event Calendar' 'Oem Parts' 'Finance'
 'Superior Service' 'Fishing']"
adventures-scotland.com,"['Environmental' 'Guided Tours' 'Payments Accepted' 'Young Adults'
 'Shuttle' 'Government Buildings' 'Public Speaking']"
adventuresportsacademy.com,['Basketball' 'Coaches' 'Sports Coaching']
advocatesllp.com,"['Voice Recognition' 'Bankruptcy And Insolvency Litigation'
 'Environmental Litigation' 'Legal Solutions' 'Complex Litigation Matters'
 'Alternative Dispute Resolution' 'Legal Research' 'Estate Litigation'
 'Accounting Software' 'Construction Litigation' 'Business Litigation'
 'Document Management' 'Professional Negligence Litigation'
 'Commercial And Corporate Litigation' 'Litigation Lawyers'
 'Legal Assistance' 'Professional Negligence' 'Banking And Insolvency'
 'Environmental Law' 'Mediation & Arbitration']"
advtech.co.za,"['Financial' 'Continual Improvement' 'Sustainable Development'
 'Resourcing' 'Analyst' 'Annual General Meeting'
 'Teacher Development Programmes' 'Shareholder Analysis' 'Audit & Risk']"
adwebexpress.com,"['Business Processes' 'Search Marketing' 'Conversion Rate Optimization'
 'Brand Awareness' 'Optimization' 'Sales Performance Management'
 'Work Process']"
aebal-leisure.co.uk,"['Service Users' 'Service Information' 'Care Services' 'Social Care'
 'Supported Living' 'Community Support' 'Learning Disabled'
 'Mental Health' 'Experiences' 'Depression And Anxiety' 'Connections'
 'One To One' 'Learning Disabilities' 'Service Summary']"
aelinmedia.com,"['Architecture' 'Gaming' 'Product Design' 'Digital Agency'
 'Interior And Exterior Design' 'Game Design' 'Studios' 'Video Production']"
aepsi.es,"['Comercio Electrónico' 'Technical Consultations' 'De Servicios'
 'Testimonios' 'Vivienda' 'Servicios Comunitarios' 'Derecho Civil'
 'Nuestro Servicio' 'Property Development' 'Servicios Inmobiliarios'
 'Project Management And Consulting' 'Estate Supply' 'Personal Advice'
 'Property Purchase' 'Derecho Fiscal' 'Legal Advice'
 'Corporate Compliance' 'Financial Support' 'Search Process' 'Investment']"
aer1.org,['Law Enforcement' 'Standard Of Care']
aero-precision.com,"['Website Design' 'Precision Repair' 'Area Of Expertise' 'Virtual Tour'
 'Corporate And Commercial' 'Service And Support' 'Regulatory Approvals'
 'Flight']"
aerolink.es,"['The Schools' 'Safety And Security' 'Engineering And Maintenance'
 'Training Programs' 'Aviation Training' 'Testimonios' 'Ingeniería'
 'Alternar Menú' 'Mantenimiento' 'Job Placement' 'Aviation Programmes']"
aestheticsnw.com,"['Medical School' 'Training And Education' 'One On One' 'Spa Services'
 'Esthetics' 'Training Programs' 'Comprehensive Programs']"
afaccounting.ca,"['Financial Statement Preparation' 'Tax Advice' 'Cloud Storage'
 'Business Operations' 'Ecommerce' 'Forecasting'
 'Accounting & Bookkeeping' 'Accounting Software' 'Virtual Cfo'
 'Accounting System' 'Business Accounts' 'Accounting Firm'
 'Financial Growth' 'Corporate Tax Return' 'Monthly Bookkeeping'
 'Shopify Accountant' 'Suite Of Services' 'Accounting Services'
 'Sales Tax Return' 'Cloud Accounting' 'Tax Optimization & Planning'
 'Tax Planning' 'Financial Support' 'Accounting' 'Bookkeeping' 'Budgeting'
 'Personal Taxes' 'General Accounting' 'Start Up Companies']"
affairswithlinda.com,"['Wedding' 'Corporate Affairs' 'Website Design' 'Planning A Wedding'
 'Weddings' 'Corporate Events' 'Personal Planning']"
affinityproperty.net.au,"['Property Investment Analysis' 'Site Management' 'Rental' 'Recently Sold'
 'Independent Living' 'Property Managers' 'Affordable Housing'
 'Market Research' 'Real Estate Agents' 'Retirement Living'
 'Investment Properties' 'Get A Property' 'Bill Payments' 'Rent'
 'Property Appraisal' 'Property Planning' 'Property Services'
 'Investment Property' 'Digital Marketing' 'Value Added Services'
 'Sales Appraisal' 'Property Investment Services' 'Housing'
 'Property Management' 'Property Solutions' 'Buyers Guide'
 'Investor Services' 'Real Estate Sales' 'Property Investors'
 'Amit & Pallavi M' 'Rental Property' 'Suite Of Services' 'Equal Care'
 'Property Sales' 'Service And Support']"
affordableconcretemn.com,"['Light Commercial' 'Concrete Replacement' 'Garage Floors'
 'Quick Turnaround' 'Concrete Maintenance' 'Concrete Construction'
 'Concrete Contractor' 'Concrete Repair' 'Concrete Services'
 'Commercial Work' 'Residential Replacement']"
affordabledentalseo.com,"['Seo' 'Internet Marketing' 'Tampa Bay Area' 'Web Marketing'
 'Content Development' 'Website Design' 'Online Marketing'
 'Internet Marketing Strategies' 'Dental Seo Packages'
 'Dental Seo Marketing' 'Search Engine Optimization' 'Organic Search'
 'Seo Optimization' 'Dental Seo' 'Dental Web Marketing'
 'Web Marketing Services' 'Advertising And Marketing' 'Accounts Setup'
 'Seo Tools' 'Dental Web' 'Seo Services' 'Social Media Marketing'
 'Web Marketing And Seo']"
affordablefashionreaders.com,['Collapse']
affordableservicesgadotcom.wordpress.com,"['Mold Remediation' 'Basement Waterproofing' 'Drain Cleaning'
 'Water Damage Restoration' 'Mold Prevention' 'Foundation Repair'
 'Septic Services' 'Plumbing Services']"
afroconllc.com,"['Pre Purchase Inspection' 'Aviation' 'Training Solutions'
 'Business Processes' 'Manpower Solutions' 'Pre Buy Inspections'
 'Software Consulting Services' 'Web Hosting']"
afterfivefloors.com,"['In Home Consultation' 'Website Accessibility' 'Residential Flooring'
 'Carpet Flooring' 'In Home Consultations' 'Hardwood Flooring'
 'Vinyl Flooring' 'Flooring Contractors' 'Flooring' 'Laminate'
 'Waterproof' 'Flooring Solutions' 'Family Owned Business'
 'Hardwood Floor' 'Laminate Flooring']"
afterworktheater.org,"['Financial' 'Volunteering' 'Financial Assistance' 'Community Partners'
 'Theater' 'Virtual Classes']"
afwaflagstaff.org,"['Accounting And Finance' 'Accounting And Financial Professionals' 'Sites'
 'Accounting And Financial' 'Conference Room' 'Accounting & Financial'
 'Accounting And Financial Profession' 'Abuse' 'Program Calendar'
 'Future Development' 'Data Processing' 'Young Professionals']"
agftech.com,['Business To Business Website' 'Frames' 'Framing']
agimmigration.law,"['Online Call Center' 'Asylum' 'Follow Us' 'Immigration Law' 'Aviation'
 'Mission And Values' 'Athletes' 'Tourism Visas' 'Zâmbia' 'Visas'
 'Temporary Visas' 'Immigrant Visas' 'Global Immigration Law'
 'U.S. Citizenship' 'Engineers' 'Immigration Laws' 'Humanitarian'
 'Immigration Visas' 'Green Cards' 'Statements' 'Investor Visa'
 'Special Education' 'Immigrant Visa' 'Legal Advice' 'Global Immigration']"
agnihotriimmigration.com,"['Business Visitors' 'Immigration Consulting' 'Provincial Nominee Program'
 'Consulting Business' 'Parent Sponsorship' 'Immigration To Canada'
 'Temporary Residence Visa' 'Canadian Experience Class' 'Work Permits'
 'Consulting Firms' 'Financial' 'Knowledge' 'Family Class'
 'Labour Market Impact Assessment Lmia' 'Canadian Immigration Consultant'
 'International Experience' 'Pnp' 'Global Talent' 'Client Service'
 'Immigrate' 'Federal Skilled Worker' 'Canadian Immigration'
 'Immigration Appeal Division' 'Other Locations' 'Study Permit'
 'Provincial Nomination' 'Rapid Solutions' 'Work In Canada'
 'Immigration Consultancy' 'Work Permit' 'Burnaby' 'Sponsor']"
agorawork.co,['Edmonton' 'Private Office']
agourawine.com,['Agoura Hills']
agroactiva.com,"['Internacional' 'Plano' 'Prensa' 'De Servicios' 'Crespi' 'Galería'
 'Comercial' 'Equipo' 'Productos Y Servicios' 'Misión' 'Visión']"
agsplasterers.com,['Screeding' 'Venetian Plaster' 'Render' 'Plaster' 'Dry Lining' 'Ceilings']
aguasarriba.tv,['Academia']
aguavivaschool.org,"['Financials' 'Make A Donation' 'Misión' 'Residential Child Care'
 'Government Regulations' 'Foster Care' 'Social Work' 'Power Outages']"
agwood.co.uk,"['Sole Trader' 'Parts Service' 'Machinery' 'Pressure Washers' 'Forestry'
 'Heaters' 'Cordless Garden' 'Merchandise' 'Massey' 'Grinding' 'Front End'
 'Turf Maintenance' 'Consumables' 'Hedge' 'Turf Maintenance Equipment'
 'Repair Service' 'Lawn' 'Fencing' 'Utility' 'Trained Technicians'
 'Security' 'Hydraulic' 'Agricultural' 'Product Support' 'Watering'
 'Local Authority' 'Ground Care' 'Service And Support']"
ahasa.com.au,"['Gaming' 'Hospitality And Tourism' 'Industrial Relations'
 'Workplace Relations' 'Adelaide' 'Website Design' 'Economic'
 'Leadership Program' 'Health & Safety' 'Health And Wellbeing'
 'Annual General Meeting' 'Hotel Care' 'Covid 19 Additional'
 'Working Holiday' 'Job Vacancies' 'Environmental Sustainability'
 'Training Courses' 'Gaming Care' 'Group Training'
 'Business Administration' 'Receptionist' 'Networking Events'
 'Work Health And Safety' 'Liquor Licensing' 'Business Services']"
ahbnm.com,"['Online Banking' 'Mobile Banking' 'Connect With Us' 'Account Opening'
 'Debit Cards' 'Internet Banking' 'Telephone Banking' 'Community Support']"
ahmednagarclub.com,['Advertisement' 'Independence']
ahowlinggoodtimetraining.com,"['Puppy Training' 'Doggy Daycare' 'Dog Training Videos' 'Training Videos'
 'Dog Training' 'Training Works' 'One On One' 'Leash Training'
 'Training Sessions' 'Around The House' 'Training Programs']"
aht-pirelli.com,"['International Trade' 'Outdoor Advertising' 'Service Department'
 'Product Launches' 'Dealing With Real Estate' 'Technical Service'
 'Service Van' 'Sales Service' 'Mobile Service' 'After Sales Service']"
aibb.org.au,"['Accommodation' 'Training And Education' 'Cpbb Directory' 'Regulations'
 'Committees' 'Education & Training' 'Networking Events' 'Buy A Business'
 'Education And Training' 'Business Brokers' 'Media Releases'
 'Calendar Of Events' 'Exit Strategies'
 'Continuing Professional Development' 'Government Agencies'
 'Valuer Directory' 'Business Sales' 'Business Values'
 'Business Brokerage' 'Training Programs']"
aicpaints.ie,['Clean Rooms' 'Fire Stopping' 'Painting' 'Trade Customers']
aieabowl.com,['Catering' 'Face Mask' 'Service Bar']
aifoundation.in,"['Health Care Services' 'Women Empowerment' 'Django Framework'
 'Artificial Intelligence' 'Chemical Engineering'
 'Quality Education And Training' 'The Applications' 'Deep Learning'
 'Faculty Development' 'Web Development' 'Quality Education'
 'Electrical Engineering' 'Banking And Finance' 'Technical Advisory']"
aikawa.ca,"['Digital Strategy' 'Chef' 'Delivery Service' 'Private Events'
 'Mobile Application' 'Business Meetings' 'À La Carte' 'Special Occasions'
 'Fine Dining']"
ailesburyclinic.ie,"['Facial' 'Excessive Sweating' 'Cellulite' 'Treatment Options'
 'Medical Training' 'Skincare' 'Melasma' 'Screening' 'Skin Tightening'
 'Cleansers' 'Nurses' 'Hair Removal' 'Skin Treatments' 'Skin Cancer'
 'Medical Microneedling' 'Psoriasis' 'Acne Scarring' 'Botox For Migraine'
 'Body Contouring' 'Shop Online' 'Vaginal Rejuvenation' 'Stretch Marks'
 'Supplements' 'Hyperhidrosis' 'Dermatology' 'Surgery' 'Hair Restoration'
 'Facial Rejuvenation' 'Injections' 'Red Veins' 'Skin Consultation'
 'Standard Of Care' 'Dermatology Service' 'Cosmetic Dermatology'
 'Cosmetic Surgery' 'Laser Treatment Options']"
aimediagroup.com,"['Brand Awareness' 'Optimization' 'Data Modeling' 'Engine'
 'Media Strategy' 'Growth Marketing' 'Data Processing' 'Drive Results'
 'Paid Search' 'Revenue Growth' 'Marketing' 'Modeling' 'Crm'
 'Content Marketing' 'Heavy Lifting' 'Marketing Materials'
 'Marketing Solutions' 'Consultative Approach' 'Marketing Agency'
 'Hospitality' 'Growth Strategies' 'Digital Transformation'
 'Tailored Solutions' 'Telecom' 'User Experience']"
aimhighart.com,['Printing Services' 'Private Painting']
aimircg.com,"['Urban Design' 'Urban Planning' 'Visual Solutions' 'Marketing'
 'Post Production' '3d Animation' 'Interior Design Ideas' 'Designers'
 '3d Modeling' 'Architects' 'Interior Designs' 'Rendering Services'
 'Tailored Service' 'Virtual Reality' 'Selling Real Estate' 'Virtual Tour'
 '3d Rendering' 'Architectural Visualization']"
aimlanguagelearning.com,"['High School Students' 'Teacher Training' 'Training & Development'
 'Training Overview' 'Online Portal' 'Murphy' 'Shipping Department'
 'Accounting']"
